,survived,pclass,sex,age,sibsp,parch,fare,embarked,class,who,embark_town,alone
0,0,3,male,22.0,1,0,7.25,S,Third,man,Southampton,No
1,1,1,female,38.0,1,0,71.2833,C,First,woman,Cherbourg,No
2,1,3,female,26.0,0,0,7.925,S,Third,woman,Southampton,Yes
3,1,1,female,35.0,1,0,53.1,S,First,woman,Southampton,No
4,0,3,male,35.0,0,0,8.05,S,Third,man,Southampton,Yes
5,0,3,male,29.69911764705882,0,0,8.4583,Q,Third,man,Queenstown,Yes
6,0,1,male,54.0,0,0,51.8625,S,First,man,Southampton,Yes
7,0,3,male,2.0,3,1,21.075,S,Third,child,Southampton,No
8,1,3,female,27.0,0,2,11.1333,S,Third,woman,Southampton,No
9,1,2,female,14.0,1,0,30.0708,C,Second,child,Cherbourg,No
10,1,3,female,4.0,1,1,16.7,S,Third,child,Southampton,No
11,1,1,female,58.0,0,0,26.55,S,First,woman,Southampton,Yes
12,0,3,male,20.0,0,0,8.05,S,Third,man,Southampton,Yes
13,0,3,male,39.0,1,5,31.275,S,Third,man,Southampton,No
14,0,3,female,14.0,0,0,7.8542,S,Third,child,Southampton,Yes
15,1,2,female,55.0,0,0,16.0,S,Second,woman,Southampton,Yes
16,0,3,male,2.0,4,1,29.125,Q,Third,child,Queenstown,No
17,1,2,male,29.69911764705882,0,0,13.0,S,Second,man,Southampton,Yes
18,0,3,female,31.0,1,0,18.0,S,Third,woman,Southampton,No
19,1,3,female,29.69911764705882,0,0,7.225,C,Third,woman,Cherbourg,Yes
20,0,2,male,35.0,0,0,26.0,S,Second,man,Southampton,Yes
21,1,2,male,34.0,0,0,13.0,S,Second,man,Southampton,Yes
22,1,3,female,15.0,0,0,8.0292,Q,Third,child,Queenstown,Yes
23,1,1,male,28.0,0,0,35.5,S,First,man,Southampton,Yes
24,0,3,female,8.0,3,1,21.075,S,Third,child,Southampton,No
25,1,3,female,38.0,1,5,31.3875,S,Third,woman,Southampton,No
26,0,3,male,29.69911764705882,0,0,7.225,C,Third,man,Cherbourg,Yes
27,0,1,male,19.0,3,2,263.0,S,First,man,Southampton,No
28,1,3,female,29.69911764705882,0,0,7.8792,Q,Third,woman,Queenstown,Yes
29,0,3,male,29.69911764705882,0,0,7.8958,S,Third,man,Southampton,Yes
30,0,1,male,40.0,0,0,27.7208,C,First,man,Cherbourg,Yes
31,1,1,female,29.69911764705882,1,0,146.5208,C,First,woman,Cherbourg,No
32,1,3,female,29.69911764705882,0,0,7.75,Q,Third,woman,Queenstown,Yes
33,0,2,male,66.0,0,0,10.5,S,Second,man,Southampton,Yes
34,0,1,male,28.0,1,0,82.1708,C,First,man,Cherbourg,No
35,0,1,male,42.0,1,0,52.0,S,First,man,Southampton,No
36,1,3,male,29.69911764705882,0,0,7.2292,C,Third,man,Cherbourg,Yes
37,0,3,male,21.0,0,0,8.05,S,Third,man,Southampton,Yes
38,0,3,female,18.0,2,0,18.0,S,Third,woman,Southampton,No
39,1,3,female,14.0,1,0,11.2417,C,Third,child,Cherbourg,No
40,0,3,female,40.0,1,0,9.475,S,Third,woman,Southampton,No
41,0,2,female,27.0,1,0,21.0,S,Second,woman,Southampton,No
42,0,3,male,29.69911764705882,0,0,7.8958,C,Third,man,Cherbourg,Yes
43,1,2,female,3.0,1,2,41.5792,C,Second,child,Cherbourg,No
44,1,3,female,19.0,0,0,7.8792,Q,Third,woman,Queenstown,Yes
45,0,3,male,29.69911764705882,0,0,8.05,S,Third,man,Southampton,Yes
46,0,3,male,29.69911764705882,1,0,15.5,Q,Third,man,Queenstown,No
47,1,3,female,29.69911764705882,0,0,7.75,Q,Third,woman,Queenstown,Yes
48,0,3,male,29.69911764705882,2,0,21.6792,C,Third,man,Cherbourg,No
49,0,3,female,18.0,1,0,17.8,S,Third,woman,Southampton,No
50,0,3,male,7.0,4,1,39.6875,S,Third,child,Southampton,No
51,0,3,male,21.0,0,0,7.8,S,Third,man,Southampton,Yes
52,1,1,female,49.0,1,0,76.7292,C,First,woman,Cherbourg,No
53,1,2,female,29.0,1,0,26.0,S,Second,woman,Southampton,No
54,0,1,male,65.0,0,1,61.9792,C,First,man,Cherbourg,No
55,1,1,male,29.69911764705882,0,0,35.5,S,First,man,Southampton,Yes
56,1,2,female,21.0,0,0,10.5,S,Second,woman,Southampton,Yes
57,0,3,male,28.5,0,0,7.2292,C,Third,man,Cherbourg,Yes
58,1,2,female,5.0,1,2,27.75,S,Second,child,Southampton,No
59,0,3,male,11.0,5,2,46.9,S,Third,child,Southampton,No
60,0,3,male,22.0,0,0,7.2292,C,Third,man,Cherbourg,Yes
61,1,1,female,38.0,0,0,80.0,S,First,woman,Southampton,Yes
62,0,1,male,45.0,1,0,83.475,S,First,man,Southampton,No
63,0,3,male,4.0,3,2,27.9,S,Third,child,Southampton,No
64,0,1,male,29.69911764705882,0,0,27.7208,C,First,man,Cherbourg,Yes
65,1,3,male,29.69911764705882,1,1,15.2458,C,Third,man,Cherbourg,No
66,1,2,female,29.0,0,0,10.5,S,Second,woman,Southampton,Yes
67,0,3,male,19.0,0,0,8.1583,S,Third,man,Southampton,Yes
68,1,3,female,17.0,4,2,7.925,S,Third,woman,Southampton,No
69,0,3,male,26.0,2,0,8.6625,S,Third,man,Southampton,No
70,0,2,male,32.0,0,0,10.5,S,Second,man,Southampton,Yes
71,0,3,female,16.0,5,2,46.9,S,Third,woman,Southampton,No
72,0,2,male,21.0,0,0,73.5,S,Second,man,Southampton,Yes
73,0,3,male,26.0,1,0,14.4542,C,Third,man,Cherbourg,No
74,1,3,male,32.0,0,0,56.4958,S,Third,man,Southampton,Yes
75,0,3,male,25.0,0,0,7.65,S,Third,man,Southampton,Yes
76,0,3,male,29.69911764705882,0,0,7.8958,S,Third,man,Southampton,Yes
77,0,3,male,29.69911764705882,0,0,8.05,S,Third,man,Southampton,Yes
78,1,2,male,0.83,0,2,29.0,S,Second,child,Southampton,No
79,1,3,female,30.0,0,0,12.475,S,Third,woman,Southampton,Yes
80,0,3,male,22.0,0,0,9.0,S,Third,man,Southampton,Yes
81,1,3,male,29.0,0,0,9.5,S,Third,man,Southampton,Yes
82,1,3,female,29.69911764705882,0,0,7.7875,Q,Third,woman,Queenstown,Yes
83,0,1,male,28.0,0,0,47.1,S,First,man,Southampton,Yes
84,1,2,female,17.0,0,0,10.5,S,Second,woman,Southampton,Yes
85,1,3,female,33.0,3,0,15.85,S,Third,woman,Southampton,No
86,0,3,male,16.0,1,3,34.375,S,Third,man,Southampton,No
87,0,3,male,29.69911764705882,0,0,8.05,S,Third,man,Southampton,Yes
88,1,1,female,23.0,3,2,263.0,S,First,woman,Southampton,No
89,0,3,male,24.0,0,0,8.05,S,Third,man,Southampton,Yes
90,0,3,male,29.0,0,0,8.05,S,Third,man,Southampton,Yes
91,0,3,male,20.0,0,0,7.8542,S,Third,man,Southampton,Yes
92,0,1,male,46.0,1,0,61.175,S,First,man,Southampton,No
93,0,3,male,26.0,1,2,20.575,S,Third,man,Southampton,No
94,0,3,male,59.0,0,0,7.25,S,Third,man,Southampton,Yes
95,0,3,male,29.69911764705882,0,0,8.05,S,Third,man,Southampton,Yes
96,0,1,male,71.0,0,0,34.6542,C,First,man,Cherbourg,Yes
97,1,1,male,23.0,0,1,63.3583,C,First,man,Cherbourg,No
98,1,2,female,34.0,0,1,23.0,S,Second,woman,Southampton,No
99,0,2,male,34.0,1,0,26.0,S,Second,man,Southampton,No
100,0,3,female,28.0,0,0,7.8958,S,Third,woman,Southampton,Yes
101,0,3,male,29.69911764705882,0,0,7.8958,S,Third,man,Southampton,Yes
102,0,1,male,21.0,0,1,77.2875,S,First,man,Southampton,No
103,0,3,male,33.0,0,0,8.6542,S,Third,man,Southampton,Yes
104,0,3,male,37.0,2,0,7.925,S,Third,man,Southampton,No
105,0,3,male,28.0,0,0,7.8958,S,Third,man,Southampton,Yes
106,1,3,female,21.0,0,0,7.65,S,Third,woman,Southampton,Yes
107,1,3,male,29.69911764705882,0,0,7.775,S,Third,man,Southampton,Yes
108,0,3,male,38.0,0,0,7.8958,S,Third,man,Southampton,Yes
109,1,3,female,29.69911764705882,1,0,24.15,Q,Third,woman,Queenstown,No
110,0,1,male,47.0,0,0,52.0,S,First,man,Southampton,Yes
111,0,3,female,14.5,1,0,14.4542,C,Third,child,Cherbourg,No
112,0,3,male,22.0,0,0,8.05,S,Third,man,Southampton,Yes
113,0,3,female,20.0,1,0,9.825,S,Third,woman,Southampton,No
114,0,3,female,17.0,0,0,14.4583,C,Third,woman,Cherbourg,Yes
115,0,3,male,21.0,0,0,7.925,S,Third,man,Southampton,Yes
116,0,3,male,70.5,0,0,7.75,Q,Third,man,Queenstown,Yes
117,0,2,male,29.0,1,0,21.0,S,Second,man,Southampton,No
118,0,1,male,24.0,0,1,247.5208,C,First,man,Cherbourg,No
119,0,3,female,2.0,4,2,31.275,S,Third,child,Southampton,No
120,0,2,male,21.0,2,0,73.5,S,Second,man,Southampton,No
121,0,3,male,29.69911764705882,0,0,8.05,S,Third,man,Southampton,Yes
122,0,2,male,32.5,1,0,30.0708,C,Second,man,Cherbourg,No
123,1,2,female,32.5,0,0,13.0,S,Second,woman,Southampton,Yes
124,0,1,male,54.0,0,1,77.2875,S,First,man,Southampton,No
125,1,3,male,12.0,1,0,11.2417,C,Third,child,Cherbourg,No
126,0,3,male,29.69911764705882,0,0,7.75,Q,Third,man,Queenstown,Yes
127,1,3,male,24.0,0,0,7.1417,S,Third,man,Southampton,Yes
128,1,3,female,29.69911764705882,1,1,22.3583,C,Third,woman,Cherbourg,No
129,0,3,male,45.0,0,0,6.975,S,Third,man,Southampton,Yes
130,0,3,male,33.0,0,0,7.8958,C,Third,man,Cherbourg,Yes
131,0,3,male,20.0,0,0,7.05,S,Third,man,Southampton,Yes
132,0,3,female,47.0,1,0,14.5,S,Third,woman,Southampton,No
133,1,2,female,29.0,1,0,26.0,S,Second,woman,Southampton,No
134,0,2,male,25.0,0,0,13.0,S,Second,man,Southampton,Yes
135,0,2,male,23.0,0,0,15.0458,C,Second,man,Cherbourg,Yes
136,1,1,female,19.0,0,2,26.2833,S,First,woman,Southampton,No
137,0,1,male,37.0,1,0,53.1,S,First,man,Southampton,No
138,0,3,male,16.0,0,0,9.2167,S,Third,man,Southampton,Yes
139,0,1,male,24.0,0,0,79.2,C,First,man,Cherbourg,Yes
140,0,3,female,29.69911764705882,0,2,15.2458,C,Third,woman,Cherbourg,No
141,1,3,female,22.0,0,0,7.75,S,Third,woman,Southampton,Yes
142,1,3,female,24.0,1,0,15.85,S,Third,woman,Southampton,No
143,0,3,male,19.0,0,0,6.75,Q,Third,man,Queenstown,Yes
144,0,2,male,18.0,0,0,11.5,S,Second,man,Southampton,Yes
145,0,2,male,19.0,1,1,36.75,S,Second,man,Southampton,No
146,1,3,male,27.0,0,0,7.7958,S,Third,man,Southampton,Yes
147,0,3,female,9.0,2,2,34.375,S,Third,child,Southampton,No
148,0,2,male,36.5,0,2,26.0,S,Second,man,Southampton,No
149,0,2,male,42.0,0,0,13.0,S,Second,man,Southampton,Yes
150,0,2,male,51.0,0,0,12.525,S,Second,man,Southampton,Yes
151,1,1,female,22.0,1,0,66.6,S,First,woman,Southampton,No
152,0,3,male,55.5,0,0,8.05,S,Third,man,Southampton,Yes
153,0,3,male,40.5,0,2,14.5,S,Third,man,Southampton,No
154,0,3,male,29.69911764705882,0,0,7.3125,S,Third,man,Southampton,Yes
155,0,1,male,51.0,0,1,61.3792,C,First,man,Cherbourg,No
156,1,3,female,16.0,0,0,7.7333,Q,Third,woman,Queenstown,Yes
157,0,3,male,30.0,0,0,8.05,S,Third,man,Southampton,Yes
158,0,3,male,29.69911764705882,0,0,8.6625,S,Third,man,Southampton,Yes
159,0,3,male,29.69911764705882,8,2,69.55,S,Third,man,Southampton,No
160,0,3,male,44.0,0,1,16.1,S,Third,man,Southampton,No
161,1,2,female,40.0,0,0,15.75,S,Second,woman,Southampton,Yes
162,0,3,male,26.0,0,0,7.775,S,Third,man,Southampton,Yes
163,0,3,male,17.0,0,0,8.6625,S,Third,man,Southampton,Yes
164,0,3,male,1.0,4,1,39.6875,S,Third,child,Southampton,No
165,1,3,male,9.0,0,2,20.525,S,Third,child,Southampton,No
166,1,1,female,29.69911764705882,0,1,55.0,S,First,woman,Southampton,No
167,0,3,female,45.0,1,4,27.9,S,Third,woman,Southampton,No
168,0,1,male,29.69911764705882,0,0,25.925,S,First,man,Southampton,Yes
169,0,3,male,28.0,0,0,56.4958,S,Third,man,Southampton,Yes
170,0,1,male,61.0,0,0,33.5,S,First,man,Southampton,Yes
171,0,3,male,4.0,4,1,29.125,Q,Third,child,Queenstown,No
172,1,3,female,1.0,1,1,11.1333,S,Third,child,Southampton,No
173,0,3,male,21.0,0,0,7.925,S,Third,man,Southampton,Yes
174,0,1,male,56.0,0,0,30.6958,C,First,man,Cherbourg,Yes
175,0,3,male,18.0,1,1,7.8542,S,Third,man,Southampton,No
176,0,3,male,29.69911764705882,3,1,25.4667,S,Third,man,Southampton,No
177,0,1,female,50.0,0,0,28.7125,C,First,woman,Cherbourg,Yes
178,0,2,male,30.0,0,0,13.0,S,Second,man,Southampton,Yes
179,0,3,male,36.0,0,0,0.0,S,Third,man,Southampton,Yes
180,0,3,female,29.69911764705882,8,2,69.55,S,Third,woman,Southampton,No
181,0,2,male,29.69911764705882,0,0,15.05,C,Second,man,Cherbourg,Yes
182,0,3,male,9.0,4,2,31.3875,S,Third,child,Southampton,No
183,1,2,male,1.0,2,1,39.0,S,Second,child,Southampton,No
184,1,3,female,4.0,0,2,22.025,S,Third,child,Southampton,No
185,0,1,male,29.69911764705882,0,0,50.0,S,First,man,Southampton,Yes
186,1,3,female,29.69911764705882,1,0,15.5,Q,Third,woman,Queenstown,No
187,1,1,male,45.0,0,0,26.55,S,First,man,Southampton,Yes
188,0,3,male,40.0,1,1,15.5,Q,Third,man,Queenstown,No
189,0,3,male,36.0,0,0,7.8958,S,Third,man,Southampton,Yes
190,1,2,female,32.0,0,0,13.0,S,Second,woman,Southampton,Yes
191,0,2,male,19.0,0,0,13.0,S,Second,man,Southampton,Yes
192,1,3,female,19.0,1,0,7.8542,S,Third,woman,Southampton,No
193,1,2,male,3.0,1,1,26.0,S,Second,child,Southampton,No
194,1,1,female,44.0,0,0,27.7208,C,First,woman,Cherbourg,Yes
195,1,1,female,58.0,0,0,146.5208,C,First,woman,Cherbourg,Yes
196,0,3,male,29.69911764705882,0,0,7.75,Q,Third,man,Queenstown,Yes
197,0,3,male,42.0,0,1,8.4042,S,Third,man,Southampton,No
198,1,3,female,29.69911764705882,0,0,7.75,Q,Third,woman,Queenstown,Yes
199,0,2,female,24.0,0,0,13.0,S,Second,woman,Southampton,Yes
200,0,3,male,28.0,0,0,9.5,S,Third,man,Southampton,Yes
201,0,3,male,29.69911764705882,8,2,69.55,S,Third,man,Southampton,No
202,0,3,male,34.0,0,0,6.4958,S,Third,man,Southampton,Yes
203,0,3,male,45.5,0,0,7.225,C,Third,man,Cherbourg,Yes
204,1,3,male,18.0,0,0,8.05,S,Third,man,Southampton,Yes
205,0,3,female,2.0,0,1,10.4625,S,Third,child,Southampton,No
206,0,3,male,32.0,1,0,15.85,S,Third,man,Southampton,No
207,1,3,male,26.0,0,0,18.7875,C,Third,man,Cherbourg,Yes
208,1,3,female,16.0,0,0,7.75,Q,Third,woman,Queenstown,Yes
209,1,1,male,40.0,0,0,31.0,C,First,man,Cherbourg,Yes
210,0,3,male,24.0,0,0,7.05,S,Third,man,Southampton,Yes
211,1,2,female,35.0,0,0,21.0,S,Second,woman,Southampton,Yes
212,0,3,male,22.0,0,0,7.25,S,Third,man,Southampton,Yes
213,0,2,male,30.0,0,0,13.0,S,Second,man,Southampton,Yes
214,0,3,male,29.69911764705882,1,0,7.75,Q,Third,man,Queenstown,No
215,1,1,female,31.0,1,0,113.275,C,First,woman,Cherbourg,No
216,1,3,female,27.0,0,0,7.925,S,Third,woman,Southampton,Yes
217,0,2,male,42.0,1,0,27.0,S,Second,man,Southampton,No
218,1,1,female,32.0,0,0,76.2917,C,First,woman,Cherbourg,Yes
219,0,2,male,30.0,0,0,10.5,S,Second,man,Southampton,Yes
220,1,3,male,16.0,0,0,8.05,S,Third,man,Southampton,Yes
221,0,2,male,27.0,0,0,13.0,S,Second,man,Southampton,Yes
222,0,3,male,51.0,0,0,8.05,S,Third,man,Southampton,Yes
223,0,3,male,29.69911764705882,0,0,7.8958,S,Third,man,Southampton,Yes
224,1,1,male,38.0,1,0,90.0,S,First,man,Southampton,No
225,0,3,male,22.0,0,0,9.35,S,Third,man,Southampton,Yes
226,1,2,male,19.0,0,0,10.5,S,Second,man,Southampton,Yes
227,0,3,male,20.5,0,0,7.25,S,Third,man,Southampton,Yes
228,0,2,male,18.0,0,0,13.0,S,Second,man,Southampton,Yes
229,0,3,female,29.69911764705882,3,1,25.4667,S,Third,woman,Southampton,No
230,1,1,female,35.0,1,0,83.475,S,First,woman,Southampton,No
231,0,3,male,29.0,0,0,7.775,S,Third,man,Southampton,Yes
232,0,2,male,59.0,0,0,13.5,S,Second,man,Southampton,Yes
233,1,3,female,5.0,4,2,31.3875,S,Third,child,Southampton,No
234,0,2,male,24.0,0,0,10.5,S,Second,man,Southampton,Yes
235,0,3,female,29.69911764705882,0,0,7.55,S,Third,woman,Southampton,Yes
236,0,2,male,44.0,1,0,26.0,S,Second,man,Southampton,No
237,1,2,female,8.0,0,2,26.25,S,Second,child,Southampton,No
238,0,2,male,19.0,0,0,10.5,S,Second,man,Southampton,Yes
239,0,2,male,33.0,0,0,12.275,S,Second,man,Southampton,Yes
240,0,3,female,29.69911764705882,1,0,14.4542,C,Third,woman,Cherbourg,No
241,1,3,female,29.69911764705882,1,0,15.5,Q,Third,woman,Queenstown,No
242,0,2,male,29.0,0,0,10.5,S,Second,man,Southampton,Yes
243,0,3,male,22.0,0,0,7.125,S,Third,man,Southampton,Yes
244,0,3,male,30.0,0,0,7.225,C,Third,man,Cherbourg,Yes
245,0,1,male,44.0,2,0,90.0,Q,First,man,Queenstown,No
246,0,3,female,25.0,0,0,7.775,S,Third,woman,Southampton,Yes
247,1,2,female,24.0,0,2,14.5,S,Second,woman,Southampton,No
248,1,1,male,37.0,1,1,52.5542,S,First,man,Southampton,No
249,0,2,male,54.0,1,0,26.0,S,Second,man,Southampton,No
250,0,3,male,29.69911764705882,0,0,7.25,S,Third,man,Southampton,Yes
251,0,3,female,29.0,1,1,10.4625,S,Third,woman,Southampton,No
252,0,1,male,62.0,0,0,26.55,S,First,man,Southampton,Yes
253,0,3,male,30.0,1,0,16.1,S,Third,man,Southampton,No
254,0,3,female,41.0,0,2,20.2125,S,Third,woman,Southampton,No
255,1,3,female,29.0,0,2,15.2458,C,Third,woman,Cherbourg,No
256,1,1,female,29.69911764705882,0,0,79.2,C,First,woman,Cherbourg,Yes
257,1,1,female,30.0,0,0,86.5,S,First,woman,Southampton,Yes
258,1,1,female,35.0,0,0,512.3292,C,First,woman,Cherbourg,Yes
259,1,2,female,50.0,0,1,26.0,S,Second,woman,Southampton,No
260,0,3,male,29.69911764705882,0,0,7.75,Q,Third,man,Queenstown,Yes
261,1,3,male,3.0,4,2,31.3875,S,Third,child,Southampton,No
262,0,1,male,52.0,1,1,79.65,S,First,man,Southampton,No
263,0,1,male,40.0,0,0,0.0,S,First,man,Southampton,Yes
264,0,3,female,29.69911764705882,0,0,7.75,Q,Third,woman,Queenstown,Yes
265,0,2,male,36.0,0,0,10.5,S,Second,man,Southampton,Yes
266,0,3,male,16.0,4,1,39.6875,S,Third,man,Southampton,No
267,1,3,male,25.0,1,0,7.775,S,Third,man,Southampton,No
268,1,1,female,58.0,0,1,153.4625,S,First,woman,Southampton,No
269,1,1,female,35.0,0,0,135.6333,S,First,woman,Southampton,Yes
270,0,1,male,29.69911764705882,0,0,31.0,S,First,man,Southampton,Yes
271,1,3,male,25.0,0,0,0.0,S,Third,man,Southampton,Yes
272,1,2,female,41.0,0,1,19.5,S,Second,woman,Southampton,No
273,0,1,male,37.0,0,1,29.7,C,First,man,Cherbourg,No
274,1,3,female,29.69911764705882,0,0,7.75,Q,Third,woman,Queenstown,Yes
275,1,1,female,63.0,1,0,77.9583,S,First,woman,Southampton,No
276,0,3,female,45.0,0,0,7.75,S,Third,woman,Southampton,Yes
277,0,2,male,29.69911764705882,0,0,0.0,S,Second,man,Southampton,Yes
278,0,3,male,7.0,4,1,29.125,Q,Third,child,Queenstown,No
279,1,3,female,35.0,1,1,20.25,S,Third,woman,Southampton,No
280,0,3,male,65.0,0,0,7.75,Q,Third,man,Queenstown,Yes
281,0,3,male,28.0,0,0,7.8542,S,Third,man,Southampton,Yes
282,0,3,male,16.0,0,0,9.5,S,Third,man,Southampton,Yes
283,1,3,male,19.0,0,0,8.05,S,Third,man,Southampton,Yes
284,0,1,male,29.69911764705882,0,0,26.0,S,First,man,Southampton,Yes
285,0,3,male,33.0,0,0,8.6625,C,Third,man,Cherbourg,Yes
286,1,3,male,30.0,0,0,9.5,S,Third,man,Southampton,Yes
287,0,3,male,22.0,0,0,7.8958,S,Third,man,Southampton,Yes
288,1,2,male,42.0,0,0,13.0,S,Second,man,Southampton,Yes
289,1,3,female,22.0,0,0,7.75,Q,Third,woman,Queenstown,Yes
290,1,1,female,26.0,0,0,78.85,S,First,woman,Southampton,Yes
291,1,1,female,19.0,1,0,91.0792,C,First,woman,Cherbourg,No
292,0,2,male,36.0,0,0,12.875,C,Second,man,Cherbourg,Yes
293,0,3,female,24.0,0,0,8.85,S,Third,woman,Southampton,Yes
294,0,3,male,24.0,0,0,7.8958,S,Third,man,Southampton,Yes
295,0,1,male,29.69911764705882,0,0,27.7208,C,First,man,Cherbourg,Yes
296,0,3,male,23.5,0,0,7.2292,C,Third,man,Cherbourg,Yes
297,0,1,female,2.0,1,2,151.55,S,First,child,Southampton,No
298,1,1,male,29.69911764705882,0,0,30.5,S,First,man,Southampton,Yes
299,1,1,female,50.0,0,1,247.5208,C,First,woman,Cherbourg,No
300,1,3,female,29.69911764705882,0,0,7.75,Q,Third,woman,Queenstown,Yes
301,1,3,male,29.69911764705882,2,0,23.25,Q,Third,man,Queenstown,No
302,0,3,male,19.0,0,0,0.0,S,Third,man,Southampton,Yes
303,1,2,female,29.69911764705882,0,0,12.35,Q,Second,woman,Queenstown,Yes
304,0,3,male,29.69911764705882,0,0,8.05,S,Third,man,Southampton,Yes
305,1,1,male,0.92,1,2,151.55,S,First,child,Southampton,No
306,1,1,female,29.69911764705882,0,0,110.8833,C,First,woman,Cherbourg,Yes
307,1,1,female,17.0,1,0,108.9,C,First,woman,Cherbourg,No
308,0,2,male,30.0,1,0,24.0,C,Second,man,Cherbourg,No
309,1,1,female,30.0,0,0,56.9292,C,First,woman,Cherbourg,Yes
310,1,1,female,24.0,0,0,83.1583,C,First,woman,Cherbourg,Yes
311,1,1,female,18.0,2,2,262.375,C,First,woman,Cherbourg,No
312,0,2,female,26.0,1,1,26.0,S,Second,woman,Southampton,No
313,0,3,male,28.0,0,0,7.8958,S,Third,man,Southampton,Yes
314,0,2,male,43.0,1,1,26.25,S,Second,man,Southampton,No
315,1,3,female,26.0,0,0,7.8542,S,Third,woman,Southampton,Yes
316,1,2,female,24.0,1,0,26.0,S,Second,woman,Southampton,No
317,0,2,male,54.0,0,0,14.0,S,Second,man,Southampton,Yes
318,1,1,female,31.0,0,2,164.8667,S,First,woman,Southampton,No
319,1,1,female,40.0,1,1,134.5,C,First,woman,Cherbourg,No
320,0,3,male,22.0,0,0,7.25,S,Third,man,Southampton,Yes
321,0,3,male,27.0,0,0,7.8958,S,Third,man,Southampton,Yes
322,1,2,female,30.0,0,0,12.35,Q,Second,woman,Queenstown,Yes
323,1,2,female,22.0,1,1,29.0,S,Second,woman,Southampton,No
324,0,3,male,29.69911764705882,8,2,69.55,S,Third,man,Southampton,No
325,1,1,female,36.0,0,0,135.6333,C,First,woman,Cherbourg,Yes
326,0,3,male,61.0,0,0,6.2375,S,Third,man,Southampton,Yes
327,1,2,female,36.0,0,0,13.0,S,Second,woman,Southampton,Yes
328,1,3,female,31.0,1,1,20.525,S,Third,woman,Southampton,No
329,1,1,female,16.0,0,1,57.9792,C,First,woman,Cherbourg,No
330,1,3,female,29.69911764705882,2,0,23.25,Q,Third,woman,Queenstown,No
331,0,1,male,45.5,0,0,28.5,S,First,man,Southampton,Yes
332,0,1,male,38.0,0,1,153.4625,S,First,man,Southampton,No
333,0,3,male,16.0,2,0,18.0,S,Third,man,Southampton,No
334,1,1,female,29.69911764705882,1,0,133.65,S,First,woman,Southampton,No
335,0,3,male,29.69911764705882,0,0,7.8958,S,Third,man,Southampton,Yes
336,0,1,male,29.0,1,0,66.6,S,First,man,Southampton,No
337,1,1,female,41.0,0,0,134.5,C,First,woman,Cherbourg,Yes
338,1,3,male,45.0,0,0,8.05,S,Third,man,Southampton,Yes
339,0,1,male,45.0,0,0,35.5,S,First,man,Southampton,Yes
340,1,2,male,2.0,1,1,26.0,S,Second,child,Southampton,No
341,1,1,female,24.0,3,2,263.0,S,First,woman,Southampton,No
342,0,2,male,28.0,0,0,13.0,S,Second,man,Southampton,Yes
343,0,2,male,25.0,0,0,13.0,S,Second,man,Southampton,Yes
344,0,2,male,36.0,0,0,13.0,S,Second,man,Southampton,Yes
345,1,2,female,24.0,0,0,13.0,S,Second,woman,Southampton,Yes
346,1,2,female,40.0,0,0,13.0,S,Second,woman,Southampton,Yes
347,1,3,female,29.69911764705882,1,0,16.1,S,Third,woman,Southampton,No
348,1,3,male,3.0,1,1,15.9,S,Third,child,Southampton,No
349,0,3,male,42.0,0,0,8.6625,S,Third,man,Southampton,Yes
350,0,3,male,23.0,0,0,9.225,S,Third,man,Southampton,Yes
351,0,1,male,29.69911764705882,0,0,35.0,S,First,man,Southampton,Yes
352,0,3,male,15.0,1,1,7.2292,C,Third,child,Cherbourg,No
353,0,3,male,25.0,1,0,17.8,S,Third,man,Southampton,No
354,0,3,male,29.69911764705882,0,0,7.225,C,Third,man,Cherbourg,Yes
355,0,3,male,28.0,0,0,9.5,S,Third,man,Southampton,Yes
356,1,1,female,22.0,0,1,55.0,S,First,woman,Southampton,No
357,0,2,female,38.0,0,0,13.0,S,Second,woman,Southampton,Yes
358,1,3,female,29.69911764705882,0,0,7.8792,Q,Third,woman,Queenstown,Yes
359,1,3,female,29.69911764705882,0,0,7.8792,Q,Third,woman,Queenstown,Yes
360,0,3,male,40.0,1,4,27.9,S,Third,man,Southampton,No
361,0,2,male,29.0,1,0,27.7208,C,Second,man,Cherbourg,No
362,0,3,female,45.0,0,1,14.4542,C,Third,woman,Cherbourg,No
363,0,3,male,35.0,0,0,7.05,S,Third,man,Southampton,Yes
364,0,3,male,29.69911764705882,1,0,15.5,Q,Third,man,Queenstown,No
365,0,3,male,30.0,0,0,7.25,S,Third,man,Southampton,Yes
366,1,1,female,60.0,1,0,75.25,C,First,woman,Cherbourg,No
367,1,3,female,29.69911764705882,0,0,7.2292,C,Third,woman,Cherbourg,Yes
368,1,3,female,29.69911764705882,0,0,7.75,Q,Third,woman,Queenstown,Yes
369,1,1,female,24.0,0,0,69.3,C,First,woman,Cherbourg,Yes
370,1,1,male,25.0,1,0,55.4417,C,First,man,Cherbourg,No
371,0,3,male,18.0,1,0,6.4958,S,Third,man,Southampton,No
372,0,3,male,19.0,0,0,8.05,S,Third,man,Southampton,Yes
373,0,1,male,22.0,0,0,135.6333,C,First,man,Cherbourg,Yes
374,0,3,female,3.0,3,1,21.075,S,Third,child,Southampton,No
375,1,1,female,29.69911764705882,1,0,82.1708,C,First,woman,Cherbourg,No
376,1,3,female,22.0,0,0,7.25,S,Third,woman,Southampton,Yes
377,0,1,male,27.0,0,2,211.5,C,First,man,Cherbourg,No
378,0,3,male,20.0,0,0,4.0125,C,Third,man,Cherbourg,Yes
379,0,3,male,19.0,0,0,7.775,S,Third,man,Southampton,Yes
380,1,1,female,42.0,0,0,227.525,C,First,woman,Cherbourg,Yes
381,1,3,female,1.0,0,2,15.7417,C,Third,child,Cherbourg,No
382,0,3,male,32.0,0,0,7.925,S,Third,man,Southampton,Yes
383,1,1,female,35.0,1,0,52.0,S,First,woman,Southampton,No
384,0,3,male,29.69911764705882,0,0,7.8958,S,Third,man,Southampton,Yes
385,0,2,male,18.0,0,0,73.5,S,Second,man,Southampton,Yes
386,0,3,male,1.0,5,2,46.9,S,Third,child,Southampton,No
387,1,2,female,36.0,0,0,13.0,S,Second,woman,Southampton,Yes
388,0,3,male,29.69911764705882,0,0,7.7292,Q,Third,man,Queenstown,Yes
389,1,2,female,17.0,0,0,12.0,C,Second,woman,Cherbourg,Yes
390,1,1,male,36.0,1,2,120.0,S,First,man,Southampton,No
391,1,3,male,21.0,0,0,7.7958,S,Third,man,Southampton,Yes
392,0,3,male,28.0,2,0,7.925,S,Third,man,Southampton,No
393,1,1,female,23.0,1,0,113.275,C,First,woman,Cherbourg,No
394,1,3,female,24.0,0,2,16.7,S,Third,woman,Southampton,No
395,0,3,male,22.0,0,0,7.7958,S,Third,man,Southampton,Yes
396,0,3,female,31.0,0,0,7.8542,S,Third,woman,Southampton,Yes
397,0,2,male,46.0,0,0,26.0,S,Second,man,Southampton,Yes
398,0,2,male,23.0,0,0,10.5,S,Second,man,Southampton,Yes
399,1,2,female,28.0,0,0,12.65,S,Second,woman,Southampton,Yes
400,1,3,male,39.0,0,0,7.925,S,Third,man,Southampton,Yes
401,0,3,male,26.0,0,0,8.05,S,Third,man,Southampton,Yes
402,0,3,female,21.0,1,0,9.825,S,Third,woman,Southampton,No
403,0,3,male,28.0,1,0,15.85,S,Third,man,Southampton,No
404,0,3,female,20.0,0,0,8.6625,S,Third,woman,Southampton,Yes
405,0,2,male,34.0,1,0,21.0,S,Second,man,Southampton,No
406,0,3,male,51.0,0,0,7.75,S,Third,man,Southampton,Yes
407,1,2,male,3.0,1,1,18.75,S,Second,child,Southampton,No
408,0,3,male,21.0,0,0,7.775,S,Third,man,Southampton,Yes
409,0,3,female,29.69911764705882,3,1,25.4667,S,Third,woman,Southampton,No
410,0,3,male,29.69911764705882,0,0,7.8958,S,Third,man,Southampton,Yes
411,0,3,male,29.69911764705882,0,0,6.8583,Q,Third,man,Queenstown,Yes
412,1,1,female,33.0,1,0,90.0,Q,First,woman,Queenstown,No
413,0,2,male,29.69911764705882,0,0,0.0,S,Second,man,Southampton,Yes
414,1,3,male,44.0,0,0,7.925,S,Third,man,Southampton,Yes
415,0,3,female,29.69911764705882,0,0,8.05,S,Third,woman,Southampton,Yes
416,1,2,female,34.0,1,1,32.5,S,Second,woman,Southampton,No
417,1,2,female,18.0,0,2,13.0,S,Second,woman,Southampton,No
418,0,2,male,30.0,0,0,13.0,S,Second,man,Southampton,Yes
419,0,3,female,10.0,0,2,24.15,S,Third,child,Southampton,No
420,0,3,male,29.69911764705882,0,0,7.8958,C,Third,man,Cherbourg,Yes
421,0,3,male,21.0,0,0,7.7333,Q,Third,man,Queenstown,Yes
422,0,3,male,29.0,0,0,7.875,S,Third,man,Southampton,Yes
423,0,3,female,28.0,1,1,14.4,S,Third,woman,Southampton,No
424,0,3,male,18.0,1,1,20.2125,S,Third,man,Southampton,No
425,0,3,male,29.69911764705882,0,0,7.25,S,Third,man,Southampton,Yes
426,1,2,female,28.0,1,0,26.0,S,Second,woman,Southampton,No
427,1,2,female,19.0,0,0,26.0,S,Second,woman,Southampton,Yes
428,0,3,male,29.69911764705882,0,0,7.75,Q,Third,man,Queenstown,Yes
429,1,3,male,32.0,0,0,8.05,S,Third,man,Southampton,Yes
430,1,1,male,28.0,0,0,26.55,S,First,man,Southampton,Yes
431,1,3,female,29.69911764705882,1,0,16.1,S,Third,woman,Southampton,No
432,1,2,female,42.0,1,0,26.0,S,Second,woman,Southampton,No
433,0,3,male,17.0,0,0,7.125,S,Third,man,Southampton,Yes
434,0,1,male,50.0,1,0,55.9,S,First,man,Southampton,No
435,1,1,female,14.0,1,2,120.0,S,First,child,Southampton,No
436,0,3,female,21.0,2,2,34.375,S,Third,woman,Southampton,No
437,1,2,female,24.0,2,3,18.75,S,Second,woman,Southampton,No
438,0,1,male,64.0,1,4,263.0,S,First,man,Southampton,No
439,0,2,male,31.0,0,0,10.5,S,Second,man,Southampton,Yes
440,1,2,female,45.0,1,1,26.25,S,Second,woman,Southampton,No
441,0,3,male,20.0,0,0,9.5,S,Third,man,Southampton,Yes
442,0,3,male,25.0,1,0,7.775,S,Third,man,Southampton,No
443,1,2,female,28.0,0,0,13.0,S,Second,woman,Southampton,Yes
444,1,3,male,29.69911764705882,0,0,8.1125,S,Third,man,Southampton,Yes
445,1,1,male,4.0,0,2,81.8583,S,First,child,Southampton,No
446,1,2,female,13.0,0,1,19.5,S,Second,child,Southampton,No
447,1,1,male,34.0,0,0,26.55,S,First,man,Southampton,Yes
448,1,3,female,5.0,2,1,19.2583,C,Third,child,Cherbourg,No
449,1,1,male,52.0,0,0,30.5,S,First,man,Southampton,Yes
450,0,2,male,36.0,1,2,27.75,S,Second,man,Southampton,No
451,0,3,male,29.69911764705882,1,0,19.9667,S,Third,man,Southampton,No
452,0,1,male,30.0,0,0,27.75,C,First,man,Cherbourg,Yes
453,1,1,male,49.0,1,0,89.1042,C,First,man,Cherbourg,No
454,0,3,male,29.69911764705882,0,0,8.05,S,Third,man,Southampton,Yes
455,1,3,male,29.0,0,0,7.8958,C,Third,man,Cherbourg,Yes
456,0,1,male,65.0,0,0,26.55,S,First,man,Southampton,Yes
457,1,1,female,29.69911764705882,1,0,51.8625,S,First,woman,Southampton,No
458,1,2,female,50.0,0,0,10.5,S,Second,woman,Southampton,Yes
459,0,3,male,29.69911764705882,0,0,7.75,Q,Third,man,Queenstown,Yes
460,1,1,male,48.0,0,0,26.55,S,First,man,Southampton,Yes
461,0,3,male,34.0,0,0,8.05,S,Third,man,Southampton,Yes
462,0,1,male,47.0,0,0,38.5,S,First,man,Southampton,Yes
463,0,2,male,48.0,0,0,13.0,S,Second,man,Southampton,Yes
464,0,3,male,29.69911764705882,0,0,8.05,S,Third,man,Southampton,Yes
465,0,3,male,38.0,0,0,7.05,S,Third,man,Southampton,Yes
466,0,2,male,29.69911764705882,0,0,0.0,S,Second,man,Southampton,Yes
467,0,1,male,56.0,0,0,26.55,S,First,man,Southampton,Yes
468,0,3,male,29.69911764705882,0,0,7.725,Q,Third,man,Queenstown,Yes
469,1,3,female,0.75,2,1,19.2583,C,Third,child,Cherbourg,No
470,0,3,male,29.69911764705882,0,0,7.25,S,Third,man,Southampton,Yes
471,0,3,male,38.0,0,0,8.6625,S,Third,man,Southampton,Yes
472,1,2,female,33.0,1,2,27.75,S,Second,woman,Southampton,No
473,1,2,female,23.0,0,0,13.7917,C,Second,woman,Cherbourg,Yes
474,0,3,female,22.0,0,0,9.8375,S,Third,woman,Southampton,Yes
475,0,1,male,29.69911764705882,0,0,52.0,S,First,man,Southampton,Yes
476,0,2,male,34.0,1,0,21.0,S,Second,man,Southampton,No
477,0,3,male,29.0,1,0,7.0458,S,Third,man,Southampton,No
478,0,3,male,22.0,0,0,7.5208,S,Third,man,Southampton,Yes
479,1,3,female,2.0,0,1,12.2875,S,Third,child,Southampton,No
480,0,3,male,9.0,5,2,46.9,S,Third,child,Southampton,No
481,0,2,male,29.69911764705882,0,0,0.0,S,Second,man,Southampton,Yes
482,0,3,male,50.0,0,0,8.05,S,Third,man,Southampton,Yes
483,1,3,female,63.0,0,0,9.5875,S,Third,woman,Southampton,Yes
484,1,1,male,25.0,1,0,91.0792,C,First,man,Cherbourg,No
485,0,3,female,29.69911764705882,3,1,25.4667,S,Third,woman,Southampton,No
486,1,1,female,35.0,1,0,90.0,S,First,woman,Southampton,No
487,0,1,male,58.0,0,0,29.7,C,First,man,Cherbourg,Yes
488,0,3,male,30.0,0,0,8.05,S,Third,man,Southampton,Yes
489,1,3,male,9.0,1,1,15.9,S,Third,child,Southampton,No
490,0,3,male,29.69911764705882,1,0,19.9667,S,Third,man,Southampton,No
491,0,3,male,21.0,0,0,7.25,S,Third,man,Southampton,Yes
492,0,1,male,55.0,0,0,30.5,S,First,man,Southampton,Yes
493,0,1,male,71.0,0,0,49.5042,C,First,man,Cherbourg,Yes
494,0,3,male,21.0,0,0,8.05,S,Third,man,Southampton,Yes
495,0,3,male,29.69911764705882,0,0,14.4583,C,Third,man,Cherbourg,Yes
496,1,1,female,54.0,1,0,78.2667,C,First,woman,Cherbourg,No
497,0,3,male,29.69911764705882,0,0,15.1,S,Third,man,Southampton,Yes
498,0,1,female,25.0,1,2,151.55,S,First,woman,Southampton,No
499,0,3,male,24.0,0,0,7.7958,S,Third,man,Southampton,Yes
500,0,3,male,17.0,0,0,8.6625,S,Third,man,Southampton,Yes
501,0,3,female,21.0,0,0,7.75,Q,Third,woman,Queenstown,Yes
502,0,3,female,29.69911764705882,0,0,7.6292,Q,Third,woman,Queenstown,Yes
503,0,3,female,37.0,0,0,9.5875,S,Third,woman,Southampton,Yes
504,1,1,female,16.0,0,0,86.5,S,First,woman,Southampton,Yes
505,0,1,male,18.0,1,0,108.9,C,First,man,Cherbourg,No
506,1,2,female,33.0,0,2,26.0,S,Second,woman,Southampton,No
507,1,1,male,29.69911764705882,0,0,26.55,S,First,man,Southampton,Yes
508,0,3,male,28.0,0,0,22.525,S,Third,man,Southampton,Yes
509,1,3,male,26.0,0,0,56.4958,S,Third,man,Southampton,Yes
510,1,3,male,29.0,0,0,7.75,Q,Third,man,Queenstown,Yes
511,0,3,male,29.69911764705882,0,0,8.05,S,Third,man,Southampton,Yes
512,1,1,male,36.0,0,0,26.2875,S,First,man,Southampton,Yes
513,1,1,female,54.0,1,0,59.4,C,First,woman,Cherbourg,No
514,0,3,male,24.0,0,0,7.4958,S,Third,man,Southampton,Yes
515,0,1,male,47.0,0,0,34.0208,S,First,man,Southampton,Yes
516,1,2,female,34.0,0,0,10.5,S,Second,woman,Southampton,Yes
517,0,3,male,29.69911764705882,0,0,24.15,Q,Third,man,Queenstown,Yes
518,1,2,female,36.0,1,0,26.0,S,Second,woman,Southampton,No
519,0,3,male,32.0,0,0,7.8958,S,Third,man,Southampton,Yes
520,1,1,female,30.0,0,0,93.5,S,First,woman,Southampton,Yes
521,0,3,male,22.0,0,0,7.8958,S,Third,man,Southampton,Yes
522,0,3,male,29.69911764705882,0,0,7.225,C,Third,man,Cherbourg,Yes
523,1,1,female,44.0,0,1,57.9792,C,First,woman,Cherbourg,No
524,0,3,male,29.69911764705882,0,0,7.2292,C,Third,man,Cherbourg,Yes
525,0,3,male,40.5,0,0,7.75,Q,Third,man,Queenstown,Yes
526,1,2,female,50.0,0,0,10.5,S,Second,woman,Southampton,Yes
527,0,1,male,29.69911764705882,0,0,221.7792,S,First,man,Southampton,Yes
528,0,3,male,39.0,0,0,7.925,S,Third,man,Southampton,Yes
529,0,2,male,23.0,2,1,11.5,S,Second,man,Southampton,No
530,1,2,female,2.0,1,1,26.0,S,Second,child,Southampton,No
531,0,3,male,29.69911764705882,0,0,7.2292,C,Third,man,Cherbourg,Yes
532,0,3,male,17.0,1,1,7.2292,C,Third,man,Cherbourg,No
533,1,3,female,29.69911764705882,0,2,22.3583,C,Third,woman,Cherbourg,No
534,0,3,female,30.0,0,0,8.6625,S,Third,woman,Southampton,Yes
535,1,2,female,7.0,0,2,26.25,S,Second,child,Southampton,No
536,0,1,male,45.0,0,0,26.55,S,First,man,Southampton,Yes
537,1,1,female,30.0,0,0,106.425,C,First,woman,Cherbourg,Yes
538,0,3,male,29.69911764705882,0,0,14.5,S,Third,man,Southampton,Yes
539,1,1,female,22.0,0,2,49.5,C,First,woman,Cherbourg,No
540,1,1,female,36.0,0,2,71.0,S,First,woman,Southampton,No
541,0,3,female,9.0,4,2,31.275,S,Third,child,Southampton,No
542,0,3,female,11.0,4,2,31.275,S,Third,child,Southampton,No
543,1,2,male,32.0,1,0,26.0,S,Second,man,Southampton,No
544,0,1,male,50.0,1,0,106.425,C,First,man,Cherbourg,No
545,0,1,male,64.0,0,0,26.0,S,First,man,Southampton,Yes
546,1,2,female,19.0,1,0,26.0,S,Second,woman,Southampton,No
547,1,2,male,29.69911764705882,0,0,13.8625,C,Second,man,Cherbourg,Yes
548,0,3,male,33.0,1,1,20.525,S,Third,man,Southampton,No
549,1,2,male,8.0,1,1,36.75,S,Second,child,Southampton,No
550,1,1,male,17.0,0,2,110.8833,C,First,man,Cherbourg,No
551,0,2,male,27.0,0,0,26.0,S,Second,man,Southampton,Yes
552,0,3,male,29.69911764705882,0,0,7.8292,Q,Third,man,Queenstown,Yes
553,1,3,male,22.0,0,0,7.225,C,Third,man,Cherbourg,Yes
554,1,3,female,22.0,0,0,7.775,S,Third,woman,Southampton,Yes
555,0,1,male,62.0,0,0,26.55,S,First,man,Southampton,Yes
556,1,1,female,48.0,1,0,39.6,C,First,woman,Cherbourg,No
557,0,1,male,29.69911764705882,0,0,227.525,C,First,man,Cherbourg,Yes
558,1,1,female,39.0,1,1,79.65,S,First,woman,Southampton,No
559,1,3,female,36.0,1,0,17.4,S,Third,woman,Southampton,No
560,0,3,male,29.69911764705882,0,0,7.75,Q,Third,man,Queenstown,Yes
561,0,3,male,40.0,0,0,7.8958,S,Third,man,Southampton,Yes
562,0,2,male,28.0,0,0,13.5,S,Second,man,Southampton,Yes
563,0,3,male,29.69911764705882,0,0,8.05,S,Third,man,Southampton,Yes
564,0,3,female,29.69911764705882,0,0,8.05,S,Third,woman,Southampton,Yes
565,0,3,male,24.0,2,0,24.15,S,Third,man,Southampton,No
566,0,3,male,19.0,0,0,7.8958,S,Third,man,Southampton,Yes
567,0,3,female,29.0,0,4,21.075,S,Third,woman,Southampton,No
568,0,3,male,29.69911764705882,0,0,7.2292,C,Third,man,Cherbourg,Yes
569,1,3,male,32.0,0,0,7.8542,S,Third,man,Southampton,Yes
570,1,2,male,62.0,0,0,10.5,S,Second,man,Southampton,Yes
571,1,1,female,53.0,2,0,51.4792,S,First,woman,Southampton,No
572,1,1,male,36.0,0,0,26.3875,S,First,man,Southampton,Yes
573,1,3,female,29.69911764705882,0,0,7.75,Q,Third,woman,Queenstown,Yes
574,0,3,male,16.0,0,0,8.05,S,Third,man,Southampton,Yes
575,0,3,male,19.0,0,0,14.5,S,Third,man,Southampton,Yes
576,1,2,female,34.0,0,0,13.0,S,Second,woman,Southampton,Yes
577,1,1,female,39.0,1,0,55.9,S,First,woman,Southampton,No
578,0,3,female,29.69911764705882,1,0,14.4583,C,Third,woman,Cherbourg,No
579,1,3,male,32.0,0,0,7.925,S,Third,man,Southampton,Yes
580,1,2,female,25.0,1,1,30.0,S,Second,woman,Southampton,No
581,1,1,female,39.0,1,1,110.8833,C,First,woman,Cherbourg,No
582,0,2,male,54.0,0,0,26.0,S,Second,man,Southampton,Yes
583,0,1,male,36.0,0,0,40.125,C,First,man,Cherbourg,Yes
584,0,3,male,29.69911764705882,0,0,8.7125,C,Third,man,Cherbourg,Yes
585,1,1,female,18.0,0,2,79.65,S,First,woman,Southampton,No
586,0,2,male,47.0,0,0,15.0,S,Second,man,Southampton,Yes
587,1,1,male,60.0,1,1,79.2,C,First,man,Cherbourg,No
588,0,3,male,22.0,0,0,8.05,S,Third,man,Southampton,Yes
589,0,3,male,29.69911764705882,0,0,8.05,S,Third,man,Southampton,Yes
590,0,3,male,35.0,0,0,7.125,S,Third,man,Southampton,Yes
591,1,1,female,52.0,1,0,78.2667,C,First,woman,Cherbourg,No
592,0,3,male,47.0,0,0,7.25,S,Third,man,Southampton,Yes
593,0,3,female,29.69911764705882,0,2,7.75,Q,Third,woman,Queenstown,No
594,0,2,male,37.0,1,0,26.0,S,Second,man,Southampton,No
595,0,3,male,36.0,1,1,24.15,S,Third,man,Southampton,No
596,1,2,female,29.69911764705882,0,0,33.0,S,Second,woman,Southampton,Yes
597,0,3,male,49.0,0,0,0.0,S,Third,man,Southampton,Yes
598,0,3,male,29.69911764705882,0,0,7.225,C,Third,man,Cherbourg,Yes
599,1,1,male,49.0,1,0,56.9292,C,First,man,Cherbourg,No
600,1,2,female,24.0,2,1,27.0,S,Second,woman,Southampton,No
601,0,3,male,29.69911764705882,0,0,7.8958,S,Third,man,Southampton,Yes
602,0,1,male,29.69911764705882,0,0,42.4,S,First,man,Southampton,Yes
603,0,3,male,44.0,0,0,8.05,S,Third,man,Southampton,Yes
604,1,1,male,35.0,0,0,26.55,C,First,man,Cherbourg,Yes
605,0,3,male,36.0,1,0,15.55,S,Third,man,Southampton,No
606,0,3,male,30.0,0,0,7.8958,S,Third,man,Southampton,Yes
607,1,1,male,27.0,0,0,30.5,S,First,man,Southampton,Yes
608,1,2,female,22.0,1,2,41.5792,C,Second,woman,Cherbourg,No
609,1,1,female,40.0,0,0,153.4625,S,First,woman,Southampton,Yes
610,0,3,female,39.0,1,5,31.275,S,Third,woman,Southampton,No
611,0,3,male,29.69911764705882,0,0,7.05,S,Third,man,Southampton,Yes
612,1,3,female,29.69911764705882,1,0,15.5,Q,Third,woman,Queenstown,No
613,0,3,male,29.69911764705882,0,0,7.75,Q,Third,man,Queenstown,Yes
614,0,3,male,35.0,0,0,8.05,S,Third,man,Southampton,Yes
615,1,2,female,24.0,1,2,65.0,S,Second,woman,Southampton,No
616,0,3,male,34.0,1,1,14.4,S,Third,man,Southampton,No
617,0,3,female,26.0,1,0,16.1,S,Third,woman,Southampton,No
618,1,2,female,4.0,2,1,39.0,S,Second,child,Southampton,No
619,0,2,male,26.0,0,0,10.5,S,Second,man,Southampton,Yes
620,0,3,male,27.0,1,0,14.4542,C,Third,man,Cherbourg,No
621,1,1,male,42.0,1,0,52.5542,S,First,man,Southampton,No
622,1,3,male,20.0,1,1,15.7417,C,Third,man,Cherbourg,No
623,0,3,male,21.0,0,0,7.8542,S,Third,man,Southampton,Yes
624,0,3,male,21.0,0,0,16.1,S,Third,man,Southampton,Yes
625,0,1,male,61.0,0,0,32.3208,S,First,man,Southampton,Yes
626,0,2,male,57.0,0,0,12.35,Q,Second,man,Queenstown,Yes
627,1,1,female,21.0,0,0,77.9583,S,First,woman,Southampton,Yes
628,0,3,male,26.0,0,0,7.8958,S,Third,man,Southampton,Yes
629,0,3,male,29.69911764705882,0,0,7.7333,Q,Third,man,Queenstown,Yes
630,1,1,male,80.0,0,0,30.0,S,First,man,Southampton,Yes
631,0,3,male,51.0,0,0,7.0542,S,Third,man,Southampton,Yes
632,1,1,male,32.0,0,0,30.5,C,First,man,Cherbourg,Yes
633,0,1,male,29.69911764705882,0,0,0.0,S,First,man,Southampton,Yes
634,0,3,female,9.0,3,2,27.9,S,Third,child,Southampton,No
635,1,2,female,28.0,0,0,13.0,S,Second,woman,Southampton,Yes
636,0,3,male,32.0,0,0,7.925,S,Third,man,Southampton,Yes
637,0,2,male,31.0,1,1,26.25,S,Second,man,Southampton,No
638,0,3,female,41.0,0,5,39.6875,S,Third,woman,Southampton,No
639,0,3,male,29.69911764705882,1,0,16.1,S,Third,man,Southampton,No
640,0,3,male,20.0,0,0,7.8542,S,Third,man,Southampton,Yes
641,1,1,female,24.0,0,0,69.3,C,First,woman,Cherbourg,Yes
642,0,3,female,2.0,3,2,27.9,S,Third,child,Southampton,No
643,1,3,male,29.69911764705882,0,0,56.4958,S,Third,man,Southampton,Yes
644,1,3,female,0.75,2,1,19.2583,C,Third,child,Cherbourg,No
645,1,1,male,48.0,1,0,76.7292,C,First,man,Cherbourg,No
646,0,3,male,19.0,0,0,7.8958,S,Third,man,Southampton,Yes
647,1,1,male,56.0,0,0,35.5,C,First,man,Cherbourg,Yes
648,0,3,male,29.69911764705882,0,0,7.55,S,Third,man,Southampton,Yes
649,1,3,female,23.0,0,0,7.55,S,Third,woman,Southampton,Yes
650,0,3,male,29.69911764705882,0,0,7.8958,S,Third,man,Southampton,Yes
651,1,2,female,18.0,0,1,23.0,S,Second,woman,Southampton,No
652,0,3,male,21.0,0,0,8.4333,S,Third,man,Southampton,Yes
653,1,3,female,29.69911764705882,0,0,7.8292,Q,Third,woman,Queenstown,Yes
654,0,3,female,18.0,0,0,6.75,Q,Third,woman,Queenstown,Yes
655,0,2,male,24.0,2,0,73.5,S,Second,man,Southampton,No
656,0,3,male,29.69911764705882,0,0,7.8958,S,Third,man,Southampton,Yes
657,0,3,female,32.0,1,1,15.5,Q,Third,woman,Queenstown,No
658,0,2,male,23.0,0,0,13.0,S,Second,man,Southampton,Yes
659,0,1,male,58.0,0,2,113.275,C,First,man,Cherbourg,No
660,1,1,male,50.0,2,0,133.65,S,First,man,Southampton,No
661,0,3,male,40.0,0,0,7.225,C,Third,man,Cherbourg,Yes
662,0,1,male,47.0,0,0,25.5875,S,First,man,Southampton,Yes
663,0,3,male,36.0,0,0,7.4958,S,Third,man,Southampton,Yes
664,1,3,male,20.0,1,0,7.925,S,Third,man,Southampton,No
665,0,2,male,32.0,2,0,73.5,S,Second,man,Southampton,No
666,0,2,male,25.0,0,0,13.0,S,Second,man,Southampton,Yes
667,0,3,male,29.69911764705882,0,0,7.775,S,Third,man,Southampton,Yes
668,0,3,male,43.0,0,0,8.05,S,Third,man,Southampton,Yes
669,1,1,female,29.69911764705882,1,0,52.0,S,First,woman,Southampton,No
670,1,2,female,40.0,1,1,39.0,S,Second,woman,Southampton,No
671,0,1,male,31.0,1,0,52.0,S,First,man,Southampton,No
672,0,2,male,70.0,0,0,10.5,S,Second,man,Southampton,Yes
673,1,2,male,31.0,0,0,13.0,S,Second,man,Southampton,Yes
674,0,2,male,29.69911764705882,0,0,0.0,S,Second,man,Southampton,Yes
675,0,3,male,18.0,0,0,7.775,S,Third,man,Southampton,Yes
676,0,3,male,24.5,0,0,8.05,S,Third,man,Southampton,Yes
677,1,3,female,18.0,0,0,9.8417,S,Third,woman,Southampton,Yes
678,0,3,female,43.0,1,6,46.9,S,Third,woman,Southampton,No
679,1,1,male,36.0,0,1,512.3292,C,First,man,Cherbourg,No
680,0,3,female,29.69911764705882,0,0,8.1375,Q,Third,woman,Queenstown,Yes
681,1,1,male,27.0,0,0,76.7292,C,First,man,Cherbourg,Yes
682,0,3,male,20.0,0,0,9.225,S,Third,man,Southampton,Yes
683,0,3,male,14.0,5,2,46.9,S,Third,child,Southampton,No
684,0,2,male,60.0,1,1,39.0,S,Second,man,Southampton,No
685,0,2,male,25.0,1,2,41.5792,C,Second,man,Cherbourg,No
686,0,3,male,14.0,4,1,39.6875,S,Third,child,Southampton,No
687,0,3,male,19.0,0,0,10.1708,S,Third,man,Southampton,Yes
688,0,3,male,18.0,0,0,7.7958,S,Third,man,Southampton,Yes
689,1,1,female,15.0,0,1,211.3375,S,First,child,Southampton,No
690,1,1,male,31.0,1,0,57.0,S,First,man,Southampton,No
691,1,3,female,4.0,0,1,13.4167,C,Third,child,Cherbourg,No
692,1,3,male,29.69911764705882,0,0,56.4958,S,Third,man,Southampton,Yes
693,0,3,male,25.0,0,0,7.225,C,Third,man,Cherbourg,Yes
694,0,1,male,60.0,0,0,26.55,S,First,man,Southampton,Yes
695,0,2,male,52.0,0,0,13.5,S,Second,man,Southampton,Yes
696,0,3,male,44.0,0,0,8.05,S,Third,man,Southampton,Yes
697,1,3,female,29.69911764705882,0,0,7.7333,Q,Third,woman,Queenstown,Yes
698,0,1,male,49.0,1,1,110.8833,C,First,man,Cherbourg,No
699,0,3,male,42.0,0,0,7.65,S,Third,man,Southampton,Yes
700,1,1,female,18.0,1,0,227.525,C,First,woman,Cherbourg,No
701,1,1,male,35.0,0,0,26.2875,S,First,man,Southampton,Yes
702,0,3,female,18.0,0,1,14.4542,C,Third,woman,Cherbourg,No
703,0,3,male,25.0,0,0,7.7417,Q,Third,man,Queenstown,Yes
704,0,3,male,26.0,1,0,7.8542,S,Third,man,Southampton,No
705,0,2,male,39.0,0,0,26.0,S,Second,man,Southampton,Yes
706,1,2,female,45.0,0,0,13.5,S,Second,woman,Southampton,Yes
707,1,1,male,42.0,0,0,26.2875,S,First,man,Southampton,Yes
708,1,1,female,22.0,0,0,151.55,S,First,woman,Southampton,Yes
709,1,3,male,29.69911764705882,1,1,15.2458,C,Third,man,Cherbourg,No
710,1,1,female,24.0,0,0,49.5042,C,First,woman,Cherbourg,Yes
711,0,1,male,29.69911764705882,0,0,26.55,S,First,man,Southampton,Yes
712,1,1,male,48.0,1,0,52.0,S,First,man,Southampton,No
713,0,3,male,29.0,0,0,9.4833,S,Third,man,Southampton,Yes
714,0,2,male,52.0,0,0,13.0,S,Second,man,Southampton,Yes
715,0,3,male,19.0,0,0,7.65,S,Third,man,Southampton,Yes
716,1,1,female,38.0,0,0,227.525,C,First,woman,Cherbourg,Yes
717,1,2,female,27.0,0,0,10.5,S,Second,woman,Southampton,Yes
718,0,3,male,29.69911764705882,0,0,15.5,Q,Third,man,Queenstown,Yes
719,0,3,male,33.0,0,0,7.775,S,Third,man,Southampton,Yes
720,1,2,female,6.0,0,1,33.0,S,Second,child,Southampton,No
721,0,3,male,17.0,1,0,7.0542,S,Third,man,Southampton,No
722,0,2,male,34.0,0,0,13.0,S,Second,man,Southampton,Yes
723,0,2,male,50.0,0,0,13.0,S,Second,man,Southampton,Yes
724,1,1,male,27.0,1,0,53.1,S,First,man,Southampton,No
725,0,3,male,20.0,0,0,8.6625,S,Third,man,Southampton,Yes
726,1,2,female,30.0,3,0,21.0,S,Second,woman,Southampton,No
727,1,3,female,29.69911764705882,0,0,7.7375,Q,Third,woman,Queenstown,Yes
728,0,2,male,25.0,1,0,26.0,S,Second,man,Southampton,No
729,0,3,female,25.0,1,0,7.925,S,Third,woman,Southampton,No
730,1,1,female,29.0,0,0,211.3375,S,First,woman,Southampton,Yes
731,0,3,male,11.0,0,0,18.7875,C,Third,child,Cherbourg,Yes
732,0,2,male,29.69911764705882,0,0,0.0,S,Second,man,Southampton,Yes
733,0,2,male,23.0,0,0,13.0,S,Second,man,Southampton,Yes
734,0,2,male,23.0,0,0,13.0,S,Second,man,Southampton,Yes
735,0,3,male,28.5,0,0,16.1,S,Third,man,Southampton,Yes
736,0,3,female,48.0,1,3,34.375,S,Third,woman,Southampton,No
737,1,1,male,35.0,0,0,512.3292,C,First,man,Cherbourg,Yes
738,0,3,male,29.69911764705882,0,0,7.8958,S,Third,man,Southampton,Yes
739,0,3,male,29.69911764705882,0,0,7.8958,S,Third,man,Southampton,Yes
740,1,1,male,29.69911764705882,0,0,30.0,S,First,man,Southampton,Yes
741,0,1,male,36.0,1,0,78.85,S,First,man,Southampton,No
742,1,1,female,21.0,2,2,262.375,C,First,woman,Cherbourg,No
743,0,3,male,24.0,1,0,16.1,S,Third,man,Southampton,No
744,1,3,male,31.0,0,0,7.925,S,Third,man,Southampton,Yes
745,0,1,male,70.0,1,1,71.0,S,First,man,Southampton,No
746,0,3,male,16.0,1,1,20.25,S,Third,man,Southampton,No
747,1,2,female,30.0,0,0,13.0,S,Second,woman,Southampton,Yes
748,0,1,male,19.0,1,0,53.1,S,First,man,Southampton,No
749,0,3,male,31.0,0,0,7.75,Q,Third,man,Queenstown,Yes
750,1,2,female,4.0,1,1,23.0,S,Second,child,Southampton,No
751,1,3,male,6.0,0,1,12.475,S,Third,child,Southampton,No
752,0,3,male,33.0,0,0,9.5,S,Third,man,Southampton,Yes
753,0,3,male,23.0,0,0,7.8958,S,Third,man,Southampton,Yes
754,1,2,female,48.0,1,2,65.0,S,Second,woman,Southampton,No
755,1,2,male,0.67,1,1,14.5,S,Second,child,Southampton,No
756,0,3,male,28.0,0,0,7.7958,S,Third,man,Southampton,Yes
757,0,2,male,18.0,0,0,11.5,S,Second,man,Southampton,Yes
758,0,3,male,34.0,0,0,8.05,S,Third,man,Southampton,Yes
759,1,1,female,33.0,0,0,86.5,S,First,woman,Southampton,Yes
760,0,3,male,29.69911764705882,0,0,14.5,S,Third,man,Southampton,Yes
761,0,3,male,41.0,0,0,7.125,S,Third,man,Southampton,Yes
762,1,3,male,20.0,0,0,7.2292,C,Third,man,Cherbourg,Yes
763,1,1,female,36.0,1,2,120.0,S,First,woman,Southampton,No
764,0,3,male,16.0,0,0,7.775,S,Third,man,Southampton,Yes
765,1,1,female,51.0,1,0,77.9583,S,First,woman,Southampton,No
766,0,1,male,29.69911764705882,0,0,39.6,C,First,man,Cherbourg,Yes
767,0,3,female,30.5,0,0,7.75,Q,Third,woman,Queenstown,Yes
768,0,3,male,29.69911764705882,1,0,24.15,Q,Third,man,Queenstown,No
769,0,3,male,32.0,0,0,8.3625,S,Third,man,Southampton,Yes
770,0,3,male,24.0,0,0,9.5,S,Third,man,Southampton,Yes
771,0,3,male,48.0,0,0,7.8542,S,Third,man,Southampton,Yes
772,0,2,female,57.0,0,0,10.5,S,Second,woman,Southampton,Yes
773,0,3,male,29.69911764705882,0,0,7.225,C,Third,man,Cherbourg,Yes
774,1,2,female,54.0,1,3,23.0,S,Second,woman,Southampton,No
775,0,3,male,18.0,0,0,7.75,S,Third,man,Southampton,Yes
776,0,3,male,29.69911764705882,0,0,7.75,Q,Third,man,Queenstown,Yes
777,1,3,female,5.0,0,0,12.475,S,Third,child,Southampton,Yes
778,0,3,male,29.69911764705882,0,0,7.7375,Q,Third,man,Queenstown,Yes
779,1,1,female,43.0,0,1,211.3375,S,First,woman,Southampton,No
780,1,3,female,13.0,0,0,7.2292,C,Third,child,Cherbourg,Yes
781,1,1,female,17.0,1,0,57.0,S,First,woman,Southampton,No
782,0,1,male,29.0,0,0,30.0,S,First,man,Southampton,Yes
783,0,3,male,29.69911764705882,1,2,23.45,S,Third,man,Southampton,No
784,0,3,male,25.0,0,0,7.05,S,Third,man,Southampton,Yes
785,0,3,male,25.0,0,0,7.25,S,Third,man,Southampton,Yes
786,1,3,female,18.0,0,0,7.4958,S,Third,woman,Southampton,Yes
787,0,3,male,8.0,4,1,29.125,Q,Third,child,Queenstown,No
788,1,3,male,1.0,1,2,20.575,S,Third,child,Southampton,No
789,0,1,male,46.0,0,0,79.2,C,First,man,Cherbourg,Yes
790,0,3,male,29.69911764705882,0,0,7.75,Q,Third,man,Queenstown,Yes
791,0,2,male,16.0,0,0,26.0,S,Second,man,Southampton,Yes
792,0,3,female,29.69911764705882,8,2,69.55,S,Third,woman,Southampton,No
793,0,1,male,29.69911764705882,0,0,30.6958,C,First,man,Cherbourg,Yes
794,0,3,male,25.0,0,0,7.8958,S,Third,man,Southampton,Yes
795,0,2,male,39.0,0,0,13.0,S,Second,man,Southampton,Yes
796,1,1,female,49.0,0,0,25.9292,S,First,woman,Southampton,Yes
797,1,3,female,31.0,0,0,8.6833,S,Third,woman,Southampton,Yes
798,0,3,male,30.0,0,0,7.2292,C,Third,man,Cherbourg,Yes
799,0,3,female,30.0,1,1,24.15,S,Third,woman,Southampton,No
800,0,2,male,34.0,0,0,13.0,S,Second,man,Southampton,Yes
801,1,2,female,31.0,1,1,26.25,S,Second,woman,Southampton,No
802,1,1,male,11.0,1,2,120.0,S,First,child,Southampton,No
803,1,3,male,0.42,0,1,8.5167,C,Third,child,Cherbourg,No
804,1,3,male,27.0,0,0,6.975,S,Third,man,Southampton,Yes
805,0,3,male,31.0,0,0,7.775,S,Third,man,Southampton,Yes
806,0,1,male,39.0,0,0,0.0,S,First,man,Southampton,Yes
807,0,3,female,18.0,0,0,7.775,S,Third,woman,Southampton,Yes
808,0,2,male,39.0,0,0,13.0,S,Second,man,Southampton,Yes
809,1,1,female,33.0,1,0,53.1,S,First,woman,Southampton,No
810,0,3,male,26.0,0,0,7.8875,S,Third,man,Southampton,Yes
811,0,3,male,39.0,0,0,24.15,S,Third,man,Southampton,Yes
812,0,2,male,35.0,0,0,10.5,S,Second,man,Southampton,Yes
813,0,3,female,6.0,4,2,31.275,S,Third,child,Southampton,No
814,0,3,male,30.5,0,0,8.05,S,Third,man,Southampton,Yes
815,0,1,male,29.69911764705882,0,0,0.0,S,First,man,Southampton,Yes
816,0,3,female,23.0,0,0,7.925,S,Third,woman,Southampton,Yes
817,0,2,male,31.0,1,1,37.0042,C,Second,man,Cherbourg,No
818,0,3,male,43.0,0,0,6.45,S,Third,man,Southampton,Yes
819,0,3,male,10.0,3,2,27.9,S,Third,child,Southampton,No
820,1,1,female,52.0,1,1,93.5,S,First,woman,Southampton,No
821,1,3,male,27.0,0,0,8.6625,S,Third,man,Southampton,Yes
822,0,1,male,38.0,0,0,0.0,S,First,man,Southampton,Yes
823,1,3,female,27.0,0,1,12.475,S,Third,woman,Southampton,No
824,0,3,male,2.0,4,1,39.6875,S,Third,child,Southampton,No
825,0,3,male,29.69911764705882,0,0,6.95,Q,Third,man,Queenstown,Yes
826,0,3,male,29.69911764705882,0,0,56.4958,S,Third,man,Southampton,Yes
827,1,2,male,1.0,0,2,37.0042,C,Second,child,Cherbourg,No
828,1,3,male,29.69911764705882,0,0,7.75,Q,Third,man,Queenstown,Yes
829,1,1,female,62.0,0,0,80.0,S,First,woman,Southampton,Yes
830,1,3,female,15.0,1,0,14.4542,C,Third,child,Cherbourg,No
831,1,2,male,0.83,1,1,18.75,S,Second,child,Southampton,No
832,0,3,male,29.69911764705882,0,0,7.2292,C,Third,man,Cherbourg,Yes
833,0,3,male,23.0,0,0,7.8542,S,Third,man,Southampton,Yes
834,0,3,male,18.0,0,0,8.3,S,Third,man,Southampton,Yes
835,1,1,female,39.0,1,1,83.1583,C,First,woman,Cherbourg,No
836,0,3,male,21.0,0,0,8.6625,S,Third,man,Southampton,Yes
837,0,3,male,29.69911764705882,0,0,8.05,S,Third,man,Southampton,Yes
838,1,3,male,32.0,0,0,56.4958,S,Third,man,Southampton,Yes
839,1,1,male,29.69911764705882,0,0,29.7,C,First,man,Cherbourg,Yes
840,0,3,male,20.0,0,0,7.925,S,Third,man,Southampton,Yes
841,0,2,male,16.0,0,0,10.5,S,Second,man,Southampton,Yes
842,1,1,female,30.0,0,0,31.0,C,First,woman,Cherbourg,Yes
843,0,3,male,34.5,0,0,6.4375,C,Third,man,Cherbourg,Yes
844,0,3,male,17.0,0,0,8.6625,S,Third,man,Southampton,Yes
845,0,3,male,42.0,0,0,7.55,S,Third,man,Southampton,Yes
846,0,3,male,29.69911764705882,8,2,69.55,S,Third,man,Southampton,No
847,0,3,male,35.0,0,0,7.8958,C,Third,man,Cherbourg,Yes
848,0,2,male,28.0,0,1,33.0,S,Second,man,Southampton,No
849,1,1,female,29.69911764705882,1,0,89.1042,C,First,woman,Cherbourg,No
850,0,3,male,4.0,4,2,31.275,S,Third,child,Southampton,No
851,0,3,male,74.0,0,0,7.775,S,Third,man,Southampton,Yes
852,0,3,female,9.0,1,1,15.2458,C,Third,child,Cherbourg,No
853,1,1,female,16.0,0,1,39.4,S,First,woman,Southampton,No
854,0,2,female,44.0,1,0,26.0,S,Second,woman,Southampton,No
855,1,3,female,18.0,0,1,9.35,S,Third,woman,Southampton,No
856,1,1,female,45.0,1,1,164.8667,S,First,woman,Southampton,No
857,1,1,male,51.0,0,0,26.55,S,First,man,Southampton,Yes
858,1,3,female,24.0,0,3,19.2583,C,Third,woman,Cherbourg,No
859,0,3,male,29.69911764705882,0,0,7.2292,C,Third,man,Cherbourg,Yes
860,0,3,male,41.0,2,0,14.1083,S,Third,man,Southampton,No
861,0,2,male,21.0,1,0,11.5,S,Second,man,Southampton,No
862,1,1,female,48.0,0,0,25.9292,S,First,woman,Southampton,Yes
863,0,3,female,29.69911764705882,8,2,69.55,S,Third,woman,Southampton,No
864,0,2,male,24.0,0,0,13.0,S,Second,man,Southampton,Yes
865,1,2,female,42.0,0,0,13.0,S,Second,woman,Southampton,Yes
866,1,2,female,27.0,1,0,13.8583,C,Second,woman,Cherbourg,No
867,0,1,male,31.0,0,0,50.4958,S,First,man,Southampton,Yes
868,0,3,male,29.69911764705882,0,0,9.5,S,Third,man,Southampton,Yes
869,1,3,male,4.0,1,1,11.1333,S,Third,child,Southampton,No
870,0,3,male,26.0,0,0,7.8958,S,Third,man,Southampton,Yes
871,1,1,female,47.0,1,1,52.5542,S,First,woman,Southampton,No
872,0,1,male,33.0,0,0,5.0,S,First,man,Southampton,Yes
873,0,3,male,47.0,0,0,9.0,S,Third,man,Southampton,Yes
874,1,2,female,28.0,1,0,24.0,C,Second,woman,Cherbourg,No
875,1,3,female,15.0,0,0,7.225,C,Third,child,Cherbourg,Yes
876,0,3,male,20.0,0,0,9.8458,S,Third,man,Southampton,Yes
877,0,3,male,19.0,0,0,7.8958,S,Third,man,Southampton,Yes
878,0,3,male,29.69911764705882,0,0,7.8958,S,Third,man,Southampton,Yes
879,1,1,female,56.0,0,1,83.1583,C,First,woman,Cherbourg,No
880,1,2,female,25.0,0,1,26.0,S,Second,woman,Southampton,No
881,0,3,male,33.0,0,0,7.8958,S,Third,man,Southampton,Yes
882,0,3,female,22.0,0,0,10.5167,S,Third,woman,Southampton,Yes
883,0,2,male,28.0,0,0,10.5,S,Second,man,Southampton,Yes
884,0,3,male,25.0,0,0,7.05,S,Third,man,Southampton,Yes
885,0,3,female,39.0,0,5,29.125,Q,Third,woman,Queenstown,No
886,0,2,male,27.0,0,0,13.0,S,Second,man,Southampton,Yes
887,1,1,female,19.0,0,0,30.0,S,First,woman,Southampton,Yes
888,0,3,female,29.69911764705882,1,2,23.45,S,Third,woman,Southampton,No
889,1,1,male,26.0,0,0,30.0,C,First,man,Cherbourg,Yes
890,0,3,male,32.0,0,0,7.75,Q,Third,man,Queenstown,Yes
